{"cameraMode":{"drawMode":0,"name":"Shaded","section":"Shading Mode"},"sceneLighting":false,"audioPlay":false,"sceneViewState":{"m_AlwaysRefresh":false,"showFog":true,"showSkybox":false,"showFlares":true,"showImageEffects":true,"showParticleSystems":true,"showVisualEffectGraphs":true,"m_FxEnabled":true},"in2DMode":false,"pivot":{"x":8.581206321716309,"y":-0.6373735666275024,"z":-0.29827404022216799},"rotation":{"x":-0.04343079403042793,"y":-0.1279214471578598,"z":0.005645441357046366,"w":-0.9908391237258911},"size":5.290230751037598,"orthographic":false}