{"cameraMode":{"drawMode":0,"name":"Shaded","section":"Shading Mode"},"sceneLighting":false,"audioPlay":false,"sceneViewState":{"m_AlwaysRefresh":false,"showFog":true,"showSkybox":false,"showFlares":true,"showImageEffects":true,"showParticleSystems":true,"showVisualEffectGraphs":true,"m_FxEnabled":true},"in2DMode":false,"pivot":{"x":-4.244298458099365,"y":0.35886991024017336,"z":0.9353904724121094},"rotation":{"x":-0.056278716772794726,"y":0.8899862766265869,"z":-0.11436619609594345,"w":-0.43783852458000185},"size":3.321835994720459,"orthographic":false}