{"cameraMode":{"drawMode":0,"name":"Shaded","section":"Shading Mode"},"sceneLighting":false,"audioPlay":false,"sceneViewState":{"m_AlwaysRefresh":false,"showFog":true,"showSkybox":false,"showFlares":true,"showImageEffects":true,"showParticleSystems":true,"showVisualEffectGraphs":true,"m_FxEnabled":true},"in2DMode":false,"pivot":{"x":0.003452301025390625,"y":1.5272316932678223,"z":2.968010187149048},"rotation":{"x":-0.13791292905807496,"y":0.6740002036094666,"z":-0.13018955290317536,"w":-0.7139857411384583},"size":1.513115644454956,"orthographic":false}