{"cameraMode":{"drawMode":0,"name":"Shaded","section":"Shading Mode"},"sceneLighting":true,"audioPlay":false,"sceneViewState":{"m_AlwaysRefresh":false,"showFog":true,"showSkybox":true,"showFlares":true,"showImageEffects":true,"showParticleSystems":true,"showVisualEffectGraphs":true,"m_FxEnabled":true},"in2DMode":false,"pivot":{"x":-2.4610581398010256,"y":-2.132434844970703,"z":0.13890397548675538},"rotation":{"x":-0.48268839716911318,"y":0.5151472091674805,"z":-0.46750056743621828,"w":-0.5321711897850037},"size":12.951550483703614,"orthographic":false}