{"cameraMode":{"drawMode":0,"name":"Shaded","section":"Shading Mode"},"sceneLighting":false,"audioPlay":false,"sceneViewState":{"m_AlwaysRefresh":false,"showFog":true,"showSkybox":false,"showFlares":true,"showImageEffects":true,"showParticleSystems":true,"showVisualEffectGraphs":true,"m_FxEnabled":true},"in2DMode":false,"pivot":{"x":0.9379895925521851,"y":2.7859416007995607,"z":0.4828454256057739},"rotation":{"x":0.015601500868797303,"y":0.9502751231193543,"z":0.04820869863033295,"w":-0.3073995113372803},"size":0.7269330620765686,"orthographic":false}