{"cameraMode":{"drawMode":0,"name":"Shaded","section":"Shading Mode"},"sceneLighting":false,"audioPlay":false,"sceneViewState":{"m_AlwaysRefresh":false,"showFog":true,"showSkybox":false,"showFlares":true,"showImageEffects":true,"showParticleSystems":true,"showVisualEffectGraphs":true,"m_FxEnabled":true},"in2DMode":false,"pivot":{"x":2.1627399921417238,"y":1.473170518875122,"z":1.0714128017425538},"rotation":{"x":0.027881385758519174,"y":0.6255234479904175,"z":0.022272177040576936,"w":-0.7794613838195801},"size":1.1704344749450684,"orthographic":false}