{"cameraMode":{"drawMode":0,"name":"Shaded","section":"Shading Mode"},"sceneLighting":false,"audioPlay":false,"sceneViewState":{"m_AlwaysRefresh":false,"showFog":true,"showSkybox":false,"showFlares":true,"showImageEffects":true,"showParticleSystems":true,"showVisualEffectGraphs":true,"m_FxEnabled":true},"in2DMode":false,"pivot":{"x":0.12400001287460327,"y":1.1979999542236329,"z":7.809999942779541},"rotation":{"x":-0.09168121218681336,"y":0.46380865573883059,"z":-0.04830017685890198,"w":-0.8798858523368836},"size":0.005673022009432316,"orthographic":false}