{"cameraMode":{"drawMode":0,"name":"Shaded","section":"Shading Mode"},"sceneLighting":false,"audioPlay":false,"sceneViewState":{"m_AlwaysRefresh":false,"showFog":true,"showSkybox":false,"showFlares":true,"showImageEffects":true,"showParticleSystems":true,"showVisualEffectGraphs":true,"m_FxEnabled":true},"in2DMode":false,"pivot":{"x":0.38999998569488528,"y":0.9500000476837158,"z":7.809000015258789},"rotation":{"x":-0.04705831781029701,"y":0.7322014570236206,"z":-0.05081240087747574,"w":-0.6775986552238464},"size":0.5276094675064087,"orthographic":false}