{"cameraMode":{"drawMode":0,"name":"Shaded","section":"Shading Mode"},"sceneLighting":false,"audioPlay":false,"sceneViewState":{"m_AlwaysRefresh":false,"showFog":true,"showSkybox":false,"showFlares":true,"showImageEffects":true,"showParticleSystems":true,"showVisualEffectGraphs":true,"m_FxEnabled":true},"in2DMode":false,"pivot":{"x":0.17542243003845216,"y":0.5379807353019714,"z":7.517544269561768},"rotation":{"x":-0.06369305402040482,"y":0.6934889554977417,"z":-0.061725229024887088,"w":-0.7150225043296814},"size":0.7214191555976868,"orthographic":false}